Job,Arrival,Deadline
Job_000,0.0,1748.0
Job_001,81.32,2339.0
Job_002,101.67,2616.0
Job_003,142.01,3041.0
Job_004,177.21,1917.0
Job_005,240.68,2436.0
Job_006,299.41,2141.0
Job_007,315.62,2701.0
Job_008,329.67,2972.0
Job_009,410.96,2801.0
Job_010,453.68,2202.0
Job_011,498.24,2888.0
Job_012,505.4,2701.0
Job_013,535.37,2921.0
Job_014,537.27,2277.0
Job_015,555.47,2397.0
Job_016,610.41,2868.0
Job_017,625.66,3140.0
Job_018,682.06,3324.0
Job_019,808.01,3707.0
Job_020,931.4,3189.0
Job_021,970.08,3165.0
Job_022,1050.25,3440.0
Job_023,1211.51,3854.0
Job_024,1238.36,4137.0
Job_025,1252.14,3766.0
Job_026,1269.95,3111.0
Job_027,1390.3,3776.0
Job_028,1391.02,3139.0
Job_029,1410.87,3150.0
Job_030,1423.44,3172.0
Job_031,1424.49,3682.0
Job_032,1445.21,3287.0
Job_033,1563.1,4077.0
Job_034,1683.88,4326.0
Job_035,1820.2,4016.0
Job_036,2156.38,3896.0
Job_037,2159.83,4545.0
Job_038,2167.58,5066.0
Job_039,2168.67,4559.0
Job_040,2313.09,4061.0
Job_041,2328.14,4718.0
Job_042,2366.58,5009.0
Job_043,2429.72,4687.0
Job_044,2541.31,4737.0
Job_045,2724.81,4566.0
Job_046,2818.09,5717.0
Job_047,2820.58,4560.0
Job_048,2930.12,5316.0
Job_049,3211.01,5725.0
Job_050,3261.84,5010.0
Job_051,3475.47,5733.0
Job_052,3513.54,6027.0
Job_053,3620.61,6519.0
Job_054,3668.89,5408.0
Job_055,3681.71,5877.0
Job_056,3877.65,5719.0
Job_057,4029.76,6415.0
Job_058,4032.83,6675.0
Job_059,4063.29,6453.0
Job_060,4071.32,6329.0
Job_061,4074.05,6464.0
Job_062,4079.67,5921.0
Job_063,4217.44,7116.0
Job_064,4352.4,6866.0
Job_065,4495.0,6235.0
Job_066,4515.79,6711.0
Job_067,4563.15,6949.0
Job_068,4626.88,6375.0
Job_069,4629.49,7272.0
Job_070,4656.65,7042.0
Job_071,4694.58,7337.0
Job_072,4711.79,6553.0
Job_073,4743.23,7642.0
Job_074,4785.34,7299.0
Job_075,4810.38,6550.0
Job_076,4928.79,7186.0
Job_077,4953.86,7344.0
Job_078,5037.04,7232.0
Job_079,5163.38,6912.0
Job_080,5197.82,7712.0
Job_081,5215.45,6955.0
Job_082,5238.94,7625.0
Job_083,5268.37,7017.0
Job_084,5285.08,7542.0
Job_085,5306.93,7148.0
Job_086,5354.24,7550.0
Job_087,5404.38,8047.0
Job_088,5438.65,8338.0
Job_089,5528.05,7918.0
Job_090,5586.94,7782.0
Job_091,5589.51,7980.0
Job_092,5594.31,7334.0
Job_093,5726.28,7568.0
Job_094,5804.91,8319.0
Job_095,5889.72,8532.0
Job_096,5921.85,7670.0
Job_097,5928.57,8314.0
Job_098,6023.22,8280.0
Job_099,6028.43,8927.0
Job_100,6045.86,7794.0
Job_101,6052.64,8310.0
Job_102,6226.06,8740.0
Job_103,6466.81,9366.0
Job_104,6527.71,8267.0
Job_105,6771.02,8966.0
Job_106,6811.45,8653.0
Job_107,6853.06,9239.0
Job_108,6886.74,9529.0
Job_109,6909.4,9299.0
Job_110,6978.55,9236.0
Job_111,6992.52,8741.0
Job_112,7055.75,9446.0
Job_113,7083.05,8823.0
Job_114,7124.58,9320.0
Job_115,7224.68,9867.0
Job_116,7276.93,9118.0
Job_117,7304.11,10203.0
Job_118,7325.09,9839.0
Job_119,7440.89,9826.0
Job_120,7720.68,9469.0
Job_121,7783.92,9979.0
Job_122,7795.75,9535.0
Job_123,7802.73,10445.0
Job_124,7858.35,10757.0
Job_125,7948.27,10334.0
Job_126,7963.12,9804.0
Job_127,7989.69,10247.0
Job_128,8112.7,10627.0
Job_129,8131.7,10522.0
Job_130,8212.05,10469.0
Job_131,8253.39,10896.0
Job_132,8305.09,10146.0
Job_133,8333.52,10529.0
Job_134,8439.22,10188.0
Job_135,8454.99,11354.0
Job_136,8509.42,11023.0
Job_137,8518.81,10258.0
Job_138,8617.62,11008.0
Job_139,8644.18,11030.0
Job_140,8812.55,11326.0
Job_141,8914.51,11305.0
Job_142,9008.82,11908.0
Job_143,9040.35,11683.0
Job_144,9043.72,10792.0
Job_145,9103.67,11299.0
Job_146,9153.11,10893.0
Job_147,9153.33,10995.0
Job_148,9176.07,11433.0
Job_149,9268.31,11654.0
Job_150,9374.67,11123.0
Job_151,9448.88,11706.0
Job_152,9477.97,11992.0
Job_153,9480.36,12379.0
Job_154,9504.26,11244.0
Job_155,9551.89,11747.0
Job_156,9675.13,11516.0
Job_157,9680.2,12066.0
Job_158,9747.78,12390.0
Job_159,9770.24,12160.0
Job_160,10092.64,12478.0
Job_161,10216.74,11965.0
Job_162,10278.75,12474.0
Job_163,10299.83,12942.0
Job_164,10397.68,12912.0
Job_165,10535.14,13434.0
Job_166,10574.18,12964.0
Job_167,10632.64,12474.0
Job_168,10732.45,12472.0
Job_169,10833.2,13090.0
Job_170,10947.01,12695.0
Job_171,10947.73,12687.0
Job_172,10953.12,13595.0
Job_173,10996.62,13192.0
Job_174,11144.23,13658.0
Job_175,11350.92,13737.0
Job_176,11414.77,14314.0
Job_177,11443.1,13284.0
Job_178,11447.34,13837.0
Job_179,11460.98,13718.0
Job_180,11478.69,13227.0
Job_181,11488.06,14002.0
